date,market,name,ticker,buy_low,buy_high,target,stop_loss,reason,style
2026-06-20,台股,台積電,2330.TW,2320,2410,2650,2180,"AI 晶片需求帶動 N3／N2 先進製程與 CoWoS 封裝產能持續滿載，6 月維持 2,400 元附近天價區，為台股最強權值定海神針。季配息調升、現金流穩健，外資目標價普遍仍上看，逢回為中長線核心持股。",穩健均衡
2026-06-20,台股,聯發科,2454.TW,2600,2760,3150,2420,"AI ASIC（客製化晶片）業務點火，管理層將全年 AI ASIC 營收目標自 10 億美元上修至 20 億美元，5 月一度攻上 2,870 元天價。外資全面重估其由手機晶片龍頭轉型 AI 基礎建設平台廠，目標價多次調升。",穩健均衡
2026-06-20,台股,廣達,2382.TW,340,376,430,315,"AI 伺服器代工出貨放量，6/18 收約 376 元，為全球雲端業者 AI 機櫃的核心組裝夥伴。分析師將目標價中位數上調至 385 元、最高上看 425 元，營運能見度延伸至明年。",穩健均衡
2026-06-20,美股,NVIDIA,NVDA,235,255,300,215,"AI 算力絕對龍頭，於 Fed 偏鷹引發的科技股震盪中相對抗跌。新世代 GPU 與資料中心需求持續強勁，分析師共識維持買進，多家目標價仍位於 265–300 美元區間，為 AI 主軸首選。",穩健均衡
2026-06-20,美股,AMD,AMD,378,415,500,350,"資料中心 GPU 與伺服器 CPU 市佔持續提升，公司預估 2030 年資料中心 TAM 上看 1 兆美元。分析師共識目標價約 430 美元，Citi 6 月更上修至 575 美元，是 Nvidia 之外算力供應的關鍵第二供應商。",穩健均衡
2026-06-20,美股,Microsoft,MSFT,368,385,432,350,"Azure 雲端與 Copilot AI 商業化加速，企業 AI 導入帶動雲端營收成長，自由現金流穩健。屬攻守兼備的核心持股，可在 AI 高波動環境中平衡投資組合風險。",穩健均衡
2026-06-20,台股,華星光,4979.TWO,540,575,660,498,"矽光子／CPO 為當前最強題材，2026 年 CPO 進入商轉元年。近期股價漲停創高、6/18 收約 562 元，外資、主力與投信同步站在買方、籌碼健康，量價突破型態明確。",短線波段
2026-06-20,台股,志聖,2467.TW,575,615,715,535,"玻璃基板設備新題材輪動受惠股，6/18 收約 599 元、股價沿短均線強勢上攻。AI 先進封裝帶動設備拉貨，法人點名為設備族群輪動標的，技術面維持多頭排列。",短線波段
2026-06-20,台股,國巨,2327.TW,590,630,730,548,"被動元件龍頭，AI 伺服器需求爆發、接單出貨比衝上 1.3，5 月營收連三月創新高。漲價題材三波發酵、投信大舉加碼，5 月一度攻上 572 元改寫天價，題材與籌碼雙強。",短線波段
2026-06-20,美股,Broadcom,AVGO,400,420,490,378,"客製化 AI 晶片（XPU）與高速網通（Tomahawk／CPO）需求強勁，AI 訂單在手逾 730 億美元。6/18 收約 411 美元，於科技股震盪後守穩，技術面呈多頭突破型態。",短線波段
2026-06-20,美股,ASML,ASML,1890,1960,2200,1790,"EUV／High-NA 曝光機獨佔供應商，AI 與先進製程資本支出加碼直接受惠。6/18 股價創收盤歷史新高（約 1,930 美元），突破前高、量價同步轉強，為半導體設備上游最確定的成長標的。",短線波段
2026-06-20,美股,Palantir,PLTR,126,135,160,116,"Q1 美國商用營收年增 133%、管理層上修全年成長至約 71%，AI 軟體商業化動能最強。近期回檔測試 50 日均線與 128 美元支撐，屬超跌反彈布局，分析師目標價約 162 美元。",短線波段
2026-06-21,台股,中華電,2412.TW,140,148,162,134,"電信龍頭、營運與股息穩定，5G 與企業雲端、IDC 資料中心業務挹注成長，6/19 約 145.5 元位於相對高檔但波動低。AI 行情震盪時的防禦型核心持股，連年穩定配息，適合中長線抱穩。",穩健均衡
2026-06-21,台股,富邦金,2881.TW,130,142,158,122,"金控龍頭，壽險、銀行與證券獲利結構完整，升息環境下利差與投資收益受惠，6/19 約 138 元。台股交投熱絡推升證券與資產管理收入，股利政策穩健，評價合理，適合作為投組防禦底倉。",穩健均衡
2026-06-21,台股,統一,1216.TW,71,77,84,68,"食品民生龍頭，內需與中國、東南亞通路布局完整，營運抗景氣循環，6/18 收約 74.5 元。連續逾 30 年配息、現金流穩健，本益比低於同業，為高波動盤勢下兼顧防禦與穩定成長的標的。",穩健均衡
2026-06-21,美股,Alphabet,GOOGL,358,385,430,338,"搜尋廣告穩健成長、Google Cloud 獲利加速，Gemini AI 與 TPU 自研晶片強化長期競爭力，6/18 約 368 美元、自 5 月高點回檔提供布局空間。自由現金流龐大、估值相對其他科技巨頭合理，攻守兼備。",穩健均衡
2026-06-21,美股,Costco,COST,915,970,1075,875,"會員制倉儲零售龍頭，營收與會員續約率高度穩定，具抗景氣與抗通膨特性，6/19 約 951 美元、自高點回檔。穩定提高股利、現金流強勁，是科技股劇烈波動下平衡投組的防禦型成長股。",穩健均衡
2026-06-21,美股,Eli Lilly,LLY,1075,1150,1300,1010,"製藥龍頭，GLP-1 減重與糖尿病藥（Mounjaro／Zepbound）需求爆發、產能持續擴張，6 月約 1,120 美元。醫療剛性需求、與科技景氣低度連動，是 AI 主軸外分散風險、兼具成長性的核心配置。",穩健均衡
2026-06-21,台股,世芯-KY,3661.TW,4150,4500,5200,3950,"AI ASIC／HPC 客製晶片設計龍頭，北美雲端大廠訂單能見度高，6/18 收約 4,380 元、股價沿多頭排列強攻。法人最新目標價上看 4,300 元以上，量價同步走強，為先進製程 ASIC 題材的指標股。",短線波段
2026-06-21,台股,奇鋐,3017.TW,2280,2480,2900,2160,"AI 伺服器散熱（氣冷轉液冷）核心供應商，首季 EPS 達 20.17 元創新高，5 月營收年增逾 60%。法人 EPS 預估上修、目標價喊至 3,140 元，三大法人回補、技術面維持強勢多頭，題材與籌碼俱佳。",短線波段
2026-06-21,台股,技嘉,2376.TW,328,360,412,310,"AI 伺服器與主機板大廠，GB 系列機櫃出貨放量、雲端與企業 AI 需求帶動營運成長，6/18 收約 344 元。股價站穩季線、量能回溫，本益比相對同業偏低，屬 AI 硬體輪動補漲的波段標的。",短線波段
2026-06-21,美股,Micron,MU,1000,1120,1280,940,"HBM 高頻寬記憶體與 DRAM 供不應求，AI 帶動記憶體進入超級循環，預估 Q3 營收上看 335 億美元、過去一年大漲逾 7 倍。6/18 創天價後拉回，動能仍強，為記憶體漲價題材最直接的攻擊型標的。",短線波段
2026-06-21,美股,Oracle,ORCL,184,206,240,172,"OCI 雲端基礎建設受惠 AI 訓練需求爆發，FY2026 第四季 RPO 在手訂單暴增至 6,380 億美元、年增逾 3 倍。財報後股價一度急殺逾一成後快速反彈站回均線，分析師目標價約 272 美元，屬超跌反彈波段機會。",短線波段
2026-06-21,美股,Tesla,TSLA,382,415,470,358,"無人計程車（Robotaxi）於奧斯汀上路、FSD 在歐洲多國獲批，加上摩根大通調升評等，題材集中發酵，6/18 收約 400 美元。技術面測試前高、量能放大，為自動駕駛與 AI 應用題材的高彈性波段標的。",短線波段
2026-06-22,台股,大立光,3008.TW,4950,5350,5950,4650,"光學鏡頭龍頭、蘋果與安卓高階機種核心供應商，獲利穩定、現金部位雄厚。CPO／FAU 試產線預計 9 月啟動、精度達 0.3 微米，切入矽光子新成長曲線，外資調升目標價，兼具防禦與成長。",穩健均衡
2026-06-22,台股,中信金,2891.TW,68,75,82,64,"金控龍頭，銀行、壽險與證券獲利結構均衡，台股交投熱絡推升手續費與資產管理收入。近期股價連 5 日走揚、量能回溫，股利政策穩健、評價合理，適合作為投組防禦底倉。",穩健均衡
2026-06-22,台股,台灣大,3045.TW,114,123,134,108,"電信三雄之一，本業現金流穩定、股息政策優渥，momo 電商與企業雲端、IDC 資料中心業務挹注成長。6/18 收約 119 元、波動度低，是 AI 行情高檔震盪時的防禦型核心持股。",穩健均衡
2026-06-22,美股,Apple,AAPL,288,308,345,272,"全球品牌與生態系護城河深厚，服務營收高毛利且持續成長，裝置端 AI 逐步擴大應用。龐大自由現金流與庫藏股回購支撐評價，是科技股波動中攻守兼備的核心持股。",穩健均衡
2026-06-22,美股,Amazon,AMZN,236,252,285,222,"AWS 雲端龍頭受惠企業 AI 導入、營益率持續改善，電商與廣告業務獲利結構優化。具雲端成長與零售現金流雙引擎，自由現金流回升，估值相對合理，可長抱的核心成長股。",穩健均衡
2026-06-22,美股,JPMorgan,JPM,322,345,385,305,"全球市值最大銀行，存放款、投行與財富管理多引擎並進，資本適足率與獲利品質居同業之冠。6/18 創歷史新高、趨勢強勁，淨利息收入穩健、股利與回購積極，為金融類股首選核心持股。",穩健均衡
2026-06-22,台股,智邦,2345.TW,2380,2580,2980,2200,"白牌交換器龍頭，直供 Google、Amazon 等雲端大廠，800G 已量產、1.6T 領先同業 6–9 個月。AI 資料中心高速網通需求爆發，里昂目標價自 3,100 調升至 3,500 元，題材與法人買盤同步點火，量價轉強。",短線波段
2026-06-22,台股,緯穎,6669.TW,4950,5380,6200,4600,"雲端服務商專屬 AI 伺服器 ODM 領導廠，直接受惠北美 CSP GB 系列機櫃放量。首季營運亮眼、訂單能見度延伸至明年，近期股價急彈逾一成、量能放大，技術面重回多頭，高彈性波段標的。",短線波段
2026-06-22,台股,台光電,2383.TW,5150,5680,6600,4980,"高速銅箔基板 CCL 龍頭，AI 伺服器與交換器升級至 M8／M9 高頻高速材料，量價齊揚。近 4 個交易日大漲約 16%、創波段新高，為 AI 伺服器 PCB 上游最直接受惠的漲價題材攻擊型標的。",短線波段
2026-06-22,美股,Super Micro,SMCI,28.5,33,39,26,"AI 伺服器與液冷機櫃領導廠，在手訂單約 390 億美元、募資 70 億美元擴張產能，營運動能強。6/18 單日大漲約 10%、放量突破，題材與資金同步轉強，屬超跌反彈的高彈性波段標的。",短線波段
2026-06-22,美股,Marvell,MRVL,295,325,375,272,"客製化 AI 晶片 XPU 與高速光電、資料中心連結需求強勁，與北美雲端大廠合作深化。6/18 盤中改寫歷史新高（約 329），量價同步走強，為 AI 客製矽與網通半導體的指標性波段標的。",短線波段
2026-06-22,美股,Vertiv,VRT,318,345,395,295,"資料中心電力與散熱（液冷）基礎設施龍頭，AI 機櫃功耗暴增帶動訂單與在手積壓走高。受惠資料中心建置熱潮、營運動能強勁，技術面維持多頭、近期沿均線強攻，為 AI 算力基建題材的核心波段標的。",短線波段
2026-06-23,台股,鴻海,2317.TW,256,280,310,240,"全球 EMS 代工龍頭，AI 伺服器（GB 系列機櫃）營收占比快速提升，雲端大廠訂單能見度高。本業現金流穩健、股利政策優渥，6/18 約 268 元位於相對合理區間，為兼具 AI 成長與防禦性的核心持股。",穩健均衡
2026-06-23,台股,台達電,2308.TW,2050,2250,2480,1950,"AI 電源與液冷散熱絕對龍頭，首季 EPS 衝上 7.91 元創新高、4-5 月營收年增逾 43%。AI 伺服器功耗暴增直接受惠，全球瘋蓋新廠搶產能，股價自 2,370 元天價回穩，為 AI 基建最確定的長線受惠股。",穩健均衡
2026-06-23,台股,兆豐金,2886.TW,42,47,52,40,"公股金控龍頭，海外分行布局廣、外匯與企金獲利穩定，6/22 約 44.5 元。升息環境利差受惠、股利政策穩健、評價合理，為高波動盤勢下兼具防禦與穩定配息的核心底倉。",穩健均衡
2026-06-23,美股,Meta,META,555,600,670,525,"社群與數位廣告龍頭，AI 推薦引擎與廣告變現效率持續提升，Reels、WhatsApp 商業化動能強。6/18 約 577 美元、自高點回檔提供布局空間，分析師目標價上看 800 美元以上，自由現金流龐大、攻守兼備。",穩健均衡
2026-06-23,美股,Visa,V,315,340,375,300,"全球支付網路雙雄之一，跨境交易與消費支出穩定成長，具高毛利、輕資產與抗景氣特性。6/22 約 327 美元，營運能見度高、股利與庫藏股回饋積極，為金融類股中防禦性極佳的核心持股。",穩健均衡
2026-06-23,美股,Walmart,WMT,112,123,135,106,"全美最大零售商，電商與廣告、會員（Walmart+）業務獲利結構優化，具抗通膨與抗景氣特性。6/20 約 118 美元，營收與獲利穩定成長、股利連年調升，是科技股高波動下平衡投組的防禦型標的。",穩健均衡
2026-06-23,台股,創意,3443.TW,4600,5050,5800,4350,"ASIC／IP 設計龍頭，台積電集團旗下，HPC 與 AI 客製晶片投片放量、訂單能見度高。6/18 收約 4,860 元、回測站穩均線，里昂證券最新目標價上看 6,000 元、重申優於大盤，為先進製程 ASIC 題材指標股。",短線波段
2026-06-23,台股,雙鴻,3324.TWO,1010,1130,1300,950,"AI 伺服器水冷散熱核心供應商，均熱片與水冷板供不應求，董座喊「AI 旺到 2028 年」。首季 EPS 達 12.61 元，6/17 完成除息後填息動能強，技術面維持多頭，為液冷散熱題材最直接受惠的攻擊型波段標的。",短線波段
2026-06-23,台股,京元電,2449.TW,305,345,400,288,"封測測試龍頭，AI 晶片測試需求旺、資本支出上調至 500 億元擴產。6/22 跳空大漲逾 5%、放量突破前高，法人點名為 AI 測試產能瓶頸受惠股，量價同步轉強，屬題材與技術面俱佳的波段標的。",短線波段
2026-06-23,美股,Dell,DELL,405,445,510,380,"AI 伺服器出貨爆發，在手訂單創高、ISG 企業基礎建設營收強勁成長。6/22 約 429 美元、股價沿多頭排列強攻，受惠企業與主權 AI 建置需求，為 AI 硬體供應鏈高彈性的波段攻擊標的。",短線波段
2026-06-23,美股,Arista,ANET,148,165,190,138,"雲端資料中心高速乙太網交換器龍頭，800G 放量、直供超大規模雲端業者，受惠 AI 後端網路建置爆發。6/22 約 156 美元，分析師共識買進、目標價約 190 美元，技術面多頭，為 AI 網通題材核心波段標的。",短線波段
2026-06-23,美股,Arm,ARM,400,448,510,372,"半導體 IP 授權龍頭，AI 資料中心客製晶片與手機 SoC 全面採用其架構，權利金收入結構性成長。6/22 回檔約 4% 至 420 美元附近、測試均線支撐，屬題材強勢股的拉回布局點，授權與版稅雙引擎驅動長線成長。",短線波段
2026-06-24,台股,日月光投控,3711.TW,640,700,760,595,"全球封測（OSAT）龍頭，AI 晶片先進封裝與測試需求強，CoWoS 周邊與系統級封裝訂單滿載。6/23 約 662 元、營運穩健且配息佳，估值相對合理，為半導體後段最具防禦性的核心持股。",穩健均衡
2026-06-24,台股,國泰金,2882.TW,108,120,130,100,"國內市值最大金控之一，壽險、銀行與資產管理多引擎並進，淨值與獲利隨股債市回穩而改善。6/22 約 113 元，股利政策穩健、評價合理，為高檔震盪盤勢中兼具防禦與配息的金融底倉。",穩健均衡
2026-06-24,台股,統一超,2912.TW,218,238,260,205,"超商通路龍頭，門市綿密、現金流穩定，鮮食、咖啡與電商物流業務獲利結構持續優化。6/23 約 227.5 元，具抗景氣與穩定配息特性，為科技股高波動下平衡投組的內需防禦型核心持股。",穩健均衡
2026-06-24,美股,Netflix,NFLX,70,78,85,66,"全球串流影音龍頭，會員成長與廣告方案、打擊共享帳號帶動營收與利潤率同步提升。分割後股價約 74 美元、自由現金流強勁，內容護城河深厚，為數位內容主軸的核心成長股。",穩健均衡
2026-06-24,美股,Mastercard,MA,470,505,555,450,"全球支付網路雙雄之一，跨境消費與數位支付滲透率持續提升，具高毛利、輕資產與抗景氣特性。6/23 約 487 美元，營運能見度高、庫藏股與股利回饋積極，為金融類股防禦性極佳的核心持股。",穩健均衡
2026-06-24,美股,Johnson & Johnson,JNJ,222,240,265,212,"全球醫療保健龍頭，製藥與醫材雙引擎、產品線分散且現金流穩定，具高股息與抗景氣防禦特性。6/22 約 231 美元、接近歷史高檔仍穩健，為科技股震盪下平衡投組的防禦型核心持股。",穩健均衡
2026-06-24,台股,緯創,3231.TW,150,172,190,142,"AI 伺服器 ODM 代工要角，GB 系列機櫃與雲端大廠訂單放量，2026 年 EPS 法人估逾 12 元。近期外資與投信同步大買、股價自高檔回測均線約 159 元，量價結構轉強，為 AI 硬體供應鏈高彈性波段標的。",短線波段
2026-06-24,台股,華新科,2492.TW,245,278,308,230,"全球前五大 MLCC 廠，AI 伺服器與機櫃帶動高階積層陶瓷電容、電感需求爆發，月營收連月回升。被動元件題材點火、近期一度攻上漲停，主力與三大法人連日買超，量價同步轉強的攻擊型波段標的。",短線波段
2026-06-24,台股,嘉澤,3533.TW,2200,2420,2720,2080,"全球第三大 CPU 插槽暨高速連接器廠，AI 伺服器與資料中心高速傳輸帶動 PCIe／高頻連接器需求強。6/17 約 2,290 元、回測後沿均線整理，受惠 AI 機櫃連接料升級題材，為連接器供應鏈指標性波段標的。",短線波段
2026-06-24,美股,Credo,CRDO,285,318,358,268,"AI 連接（AEC 主動電纜、光收發與 retimer）領導廠，受惠資料中心高速傳輸爆發。6/23 單日大漲逾 11% 至約 302 美元，BofA、Stifel 目標價上調至 340–350、Evercore 初評優於大盤，量價齊揚的強勢攻擊波段標的。",短線波段
2026-06-24,美股,Coherent,COHR,380,422,480,358,"光通訊與雷射元件龍頭，800G／1.6T 光收發模組與 CPO 矽光子需求隨 AI 後端網路建置放量。6/23 約 403 美元、創波段新高且量能放大，為 AI 光通訊題材最直接受惠的高彈性波段標的。",短線波段
2026-06-24,美股,Seagate,STX,1040,1150,1300,980,"硬碟（HDD）儲存雙雄之一，AI 資料湖與近線儲存（nearline）需求暴增帶動產品供不應求、漲價題材延燒。最新季度 EPS 4.10 美元、營收強勁，6/23 約 1,090 美元沿多頭排列強攻，為 AI 儲存題材的攻擊型波段標的。",短線波段
2026-06-25,台股,玉山金,2884.TW,34.5,38,42,32.5,"以銀行為主體的金融股，財富管理、信用卡與海外布局穩健，連 19 年配發股利、政策具一致性。6/24 約 36.4 元，評價合理、體質扎實，為高檔震盪盤勢中兼具防禦與穩定配息的金融底倉。",穩健均衡
2026-06-25,台股,大統益,1232.TW,138,152,168,130,"國內沙拉油與黃豆加工龍頭，市占穩固、現金流穩定，內需食品具抗景氣與抗關稅波動特性。6/24 約 144.5 元，獲利與配息長期穩健，為科技股高波動下平衡投組的防禦型內需核心持股。",穩健均衡
2026-06-25,台股,遠傳,4904.TW,102,114,125,97,"電信三雄之一，5G 用戶 ARPU 回升、本業現金流穩定，並切入 IDC、企業雲與 AI 應用服務開拓新成長。6/24 約 107 元，股利政策穩健、評價合理，為防禦性十足且具題材延伸性的核心配息股。",穩健均衡
2026-06-25,美股,UnitedHealth,UNH,388,425,470,365,"全美最大健康保險與醫療服務集團，事業多元、現金流龐大，近期獲華爾街多次調升評等、營運自谷底回穩。6/24 約 404 美元、仍低於前波高點，估值修復空間大，為醫療保健類股攻守兼備的核心持股。",穩健均衡
2026-06-25,美股,Procter & Gamble,PG,144,158,172,137,"全球消費必需品龍頭，品牌組合廣、訂價能力強、股利連年調升（股息貴族）。6/18 約 150 美元、過去一年回檔逾 8% 提供布局空間，具抗景氣與抗通膨特性，為科技股震盪下平衡投組的防禦核心。",穩健均衡
2026-06-25,美股,Berkshire Hathaway,BRK.B,470,505,545,452,"巴菲特旗下多元控股集團，保險、能源、鐵路與龐大現金部位攻守兼備，與大盤連動度低。6/22 約 489 美元、位於 52 週區間中段，分析師評等買進、目標價上看 520 美元，為高檔盤勢的優質防禦底倉。",穩健均衡
2026-06-25,台股,瑞昱,2379.TW,850,930,1080,800,"網通與多媒體 IC 設計龍頭，Wi-Fi 7 滲透率今年挑戰三成、車用乙太網路與 AI 網通需求同步走強，5 月營收年增近 22%。6/24 挾投信買盤亮燈漲停約 900 元、量價齊揚突破前高，為網通 IC 題材最強勢的攻擊型波段標的。",短線波段
2026-06-25,台股,高力,8996.TW,1380,1520,1750,1300,"液冷散熱與氫能燃料電池供應商，AI 伺服器水冷板與板式熱交換器訂單放量，液冷營收比重持續攀升。6/24 約 1,445 元、技術面維持多頭強攻，兼具 AI 散熱與氫能雙題材，為散熱供應鏈高彈性的攻擊型波段標的。",短線波段
2026-06-25,台股,群聯,8299.TWO,2500,2780,3200,2350,"NAND 控制 IC 與儲存模組龍頭，aiDAPTIV+ 讓筆電以 SSD 在地端跑大模型、獲宏碁華碩微星採用，記憶體報價回升加乘。Q1 EPS 達 68.8 元、毛利率逾 61%，6/24 回檔至約 2,650 元提供拉回布局點，為 AI 儲存與記憶體上行週期的波段標的。",短線波段
2026-06-25,美股,GE Vernova,GEV,990,1100,1260,930,"全球電力設備與電網龍頭，AI 資料中心用電暴增帶動燃氣渦輪機、電網設備訂單與在手積壓創高。6/24 約 1,050 美元、今年來大漲逾 7 成且自高點略回，受惠 AI 電力基建長線需求，為電力題材高彈性的波段攻擊標的。",短線波段
2026-06-25,美股,Howmet Aerospace,HWM,262,290,330,248,"航太與國防引擎結構件龍頭，民航復甦帶動引擎零件需求、國防預算上行挹注成長動能。6/24 約 277.7 美元、貼近 52 週高點且近一個月表現優於大盤，為航太國防題材技術面強勢的波段標的。",短線波段
2026-06-25,美股,Freeport-McMoRan,FCX,59,67,77,55,"全球銅礦巨頭，AI 資料中心、電網與電動化推升結構性銅需求，DCF 評價顯示仍低於合理價約 28%。6/24 約 62.6 美元、近一年總報酬逾 70%，銅價與供給題材延燒，為工業金屬與電氣化題材的波段攻擊標的。",短線波段
2026-06-26,台股,和泰車,2207.TW,465,510,560,440,"國內汽車市場龍頭，代理 Toyota、Lexus 品牌力強、市占穩居第一，並跨足產險、租賃與電動車布局。6/24 約 490 元，股利政策穩健、現金流充沛，為內需消費與防禦兼具的核心持股。",穩健均衡
2026-06-26,台股,中租-KY,5871.TW,110,124,138,103,"台灣租賃與中小企業融資龍頭，東協與中國布局多元，獲利長期穩健成長、ROE 居金融股前段。6/25 約 117 元，評價回到相對合理區間，為兼具成長與配息的金融核心持股。",穩健均衡
2026-06-26,台股,巨大,9921.TW,70,80,88,64,"全球自行車製造龍頭 Giant，品牌與通路優勢明確，歐美庫存去化接近尾聲、電動自行車滲透率提升帶動營運回溫。6/24 約 73.6 元、處於相對低檔，為產業循環落底回升的價值型布局標的。",穩健均衡
2026-06-26,美股,AbbVie,ABBV,222,242,268,210,"全球大型製藥廠，Skyrizi、Rinvoq 雙引擎成長強勁，成功化解 Humira 專利懸崖並透過併購強化新藥管線。6/24 約 235 美元，股利連年調升（股息貴族），為醫療保健類股攻守兼備的核心持股。",穩健均衡
2026-06-26,美股,Coca-Cola,KO,77,84,92,73,"全球軟性飲料龍頭，品牌組合廣、訂價能力強，海外市場與無糖機能飲料持續貢獻成長，股利連 60 餘年調升。6/24 約 81 美元，具抗景氣與抗通膨特性，為投組防禦核心。",穩健均衡
2026-06-26,美股,Caterpillar,CAT,950,1040,1150,900,"全球營建與礦業機械龍頭，受惠基建、資料中心備用電力設備與能源轉型需求，在手訂單穩健。6/24 約 1010 美元、剛創歷史新高後拉回，為工業景氣循環與電力基建題材的核心持股。",穩健均衡
2026-06-26,台股,欣興,3037.TW,960,1080,1280,880,"ABF 載板龍頭，1Q26 EPS 達 3.28 元創 13 季新高，T-glass 缺料推升 ABF 漲價循環，AI 與高速運算需求帶動產能滿載。6/25 大漲逾 9% 至約 1020 元、量價齊揚突破壓力，為載板漲價題材最強勢的攻擊型波段標的。",短線波段
2026-06-26,台股,金像電,2368.TW,1200,1350,1580,1100,"AI 伺服器高階 PCB 主要供應商，受惠 GB 系列與下一代平台高層數板需求，營收與毛利率同步走揚。6/23 約 1265 元、技術面維持多頭強攻並挑戰前高，為 AI 伺服器 PCB 題材高彈性的波段標的。",短線波段
2026-06-26,台股,漢翔,2634.TW,46,52,60,43,"國內航太與軍工龍頭，受惠國防自主、無人機與民航引擎零件代工需求，地緣政治升溫與國防預算上行挹注成長動能。6/24 約 48.4 元，軍工題材輪動轉強，為國防自主題材技術面回溫的波段標的。",短線波段
2026-06-26,美股,Constellation Energy,CEG,256,285,330,240,"全美最大無碳核能發電商，AI 資料中心用電暴增帶動長約電力與電價走升，並獲科技巨頭簽訂大型供電協議。6/25 約 270 美元、自高點回檔提供布局點，為 AI 電力題材高彈性的波段攻擊標的。",短線波段
2026-06-26,美股,RTX,RTX,176,194,220,167,"全球航太與國防巨頭，飛彈防禦、引擎與航電訂單滿手，地緣衝突與國防預算上行推升成長。6/24 約 185.8 美元、貼近 52 週高點且技術面強勢，為國防題材的波段標的。",短線波段
2026-06-26,美股,MP Materials,MP,52,60,70,48,"美國唯一稀土礦商兼磁鐵製造商，受惠稀土供應鏈在地化與中國出口管制題材，國防部與車廠長約挹注營收能見度。6/24 約 56.5 美元，稀土戰略題材延燒、技術面轉強，為關鍵材料題材高彈性的波段標的。",短線波段
2026-06-28,台股,第一金,2892.TW,28,33,36,26.5,"官股金控龍頭，授信、財管與海外布局穩健，逾放比低、資產品質佳，為大盤6/26重挫後資金避風港。升息環境利差受惠，現金加股票股利合計殖利率具吸引力，適合震盪期分批布局領息。",穩健均衡
2026-06-28,台股,大成,1210.TW,52,58,64,49,"國內最大農畜飼料與食品集團，雞肉、飼料與冷凍調理食品市占領先，內需消費剛性、營運不受AI股殺盤波及。原物料成本回落、餐飲通路與外銷貢獻成長，為防禦兼具溫和成長的必需消費標的。",穩健均衡
2026-06-28,台股,保瑞,6472.TW,395,440,500,370,"亞洲領先的CDMO委託製造大廠，靠併購整合擴張全球產能，訂單能見度高、獲利連年成長。6/25回測約420元評價趨於合理，生技醫療具抗景氣循環特性，為AI殺盤下的避險成長股。",穩健均衡
2026-06-28,美股,Merck,MRK,122,134,150,116,"全球製藥巨頭，Keytruda抗癌龍頭地位穩固，並積極以新藥與併購填補專利懸崖缺口。約128美元評價偏低、本益比具防禦吸引力，股利穩健，為科技股回檔下醫療防禦核心持股。",穩健均衡
2026-06-28,美股,PepsiCo,PEP,132,145,160,125,"全球食品飲料龍頭，零食與飲料雙引擎、品牌與通路護城河深厚，訂價能力強。約139美元、股利連逾50年調升（股息王），具抗通膨與抗景氣特性，為資金轉進防禦類股的首選之一。",穩健均衡
2026-06-28,美股,McDonald's,MCD,256,278,305,245,"全球速食龍頭，加盟與不動產商業模式現金流穩定，景氣下行時平價餐飲反具韌性。約269美元自高點回檔，股利連年調升，為防禦輪動行情中攻守兼備的消費核心持股。",穩健均衡
2026-06-28,台股,華城,1519.TW,730,800,900,680,"重電與超高壓變壓器龍頭，受惠全球電網升級、AI資料中心與綠能用電爆發，手握長單、產能滿載。6/26逆勢收780元、漲3.47%量增，於大盤重挫中相對抗跌轉強，為AI電力基建題材的攻擊型波段標的。",短線波段
2026-06-28,台股,長榮,2603.TW,172,190,215,162,"貨櫃航運三雄之一，紅海繞道與旺季運價支撐獲利，6/17除息16元後填息題材發酵。約181元股價落底、殖利率逾7%具撐，傳產航運於資金自AI撤出時輪動轉強，為題材與價值兼具的波段標的。",短線波段
2026-06-28,台股,雷虎,8033.TW,128,145,168,118,"軍工無人機國家隊核心，已標下國防部陸軍無人機採購案，受惠國防自主與不對稱戰力預算上行。軍工股6/26逆勢抗跌、寶一漲停雷虎走強，題材延燒、技術面轉強，為高彈性波段標的（本益比高、須嚴設緊停損）。",短線波段
2026-06-28,美股,Cameco,CCJ,98,108,122,92,"全球最大鈾礦商之一，AI資料中心電力需求推升核能復興，鈾價與長約價走揚、訂單能見度高。約104美元技術面維持多頭，為AI電力鏈中題材獨立、抗科技股殺盤的波段攻擊標的。",短線波段
2026-06-28,美股,Lockheed Martin,LMT,488,520,575,465,"全球最大國防承包商，F-35、飛彈防禦與高超音速訂單滿手，地緣風險與各國國防預算上行挹注成長。約507美元貼近52週高點、技術面強勢，為資金轉進防禦類股下相對抗跌的軍工波段標的。",短線波段
2026-06-28,美股,Vistra,VST,156,172,195,146,"美國領先獨立電力業者，擁核能與天然氣機組，AI資料中心用電爆發帶動長約電價走揚。約164美元自高檔回檔提供切入點，AI電力主題能見度高，為科技股輪動中具題材續航力的波段標的。",短線波段
2026-06-29,台股,台積電,2330.TW,2250,2480,2750,2150,"全球晶圓代工龍頭，AI 與高效能運算需求帶動先進製程滿載，技術領先優勢明確。6/26 隨大盤重挫回測約 2340 元、評價回到相對合理區間，為大跌後可分批布局的核心持股。",穩健均衡
2026-06-29,台股,中華電,2412.TW,138,150,165,132,"國內電信龍頭，5G、企業數據與雲端 IDC 業務穩定成長，現金流充沛、股利政策穩健。約 143 元、殖利率具吸引力，於大盤震盪期具防禦特性，為攻守兼備的核心持股。",穩健均衡
2026-06-29,台股,統一,1216.TW,70,80,88,66,"食品與零售內需龍頭，旗下統一超商與中國食品事業貢獻穩定獲利，營運不受 AI 股殺盤波及。約 74.8 元，內需消費剛性、配息穩健，為震盪盤中的防禦型核心持股。",穩健均衡
2026-06-29,美股,Costco,COST,900,985,1080,850,"全球會員制倉儲零售龍頭，會員續約率高、現金流穩定，景氣下行時平價量販具韌性。約 950 美元，獲利穩健成長、商業模式護城河深厚，為投組防禦核心。",穩健均衡
2026-06-29,美股,Eli Lilly,LLY,1120,1240,1400,1050,"全球製藥巨頭，GLP-1 減重與糖尿病藥（Mounjaro、Zepbound）需求爆發，新藥管線豐沛。約 1211 美元，兼具長線成長與醫療防禦特性，為成長型核心持股。",穩健均衡
2026-06-29,美股,Linde,LIN,490,535,590,465,"全球工業氣體龍頭，營收與獲利長期穩定成長，訂價能力強、現金流充沛，並受惠潔淨能源與半導體用氣需求。約 517 美元，為防禦兼具成長的優質複利型核心持股。",穩健均衡
2026-06-29,台股,奇鋐,3017.TW,2150,2400,2800,1980,"AI 伺服器散熱龍頭，水冷與 3D VC 訂單放量，Q1 EPS 達 20.17 元創歷史新高、法人目標價上看 3140 元。6/26 隨大盤回檔至約 2255 元提供拉回布局點，為 AI 散熱題材高彈性的攻擊型波段標的。",短線波段
2026-06-29,台股,士電,1503.TW,220,250,290,205,"重電與電力設備廠，受惠台電強韌電網計畫、AI 資料中心與綠能用電需求，在手訂單能見度高。6/26 回檔至約 233 元，重電題材於資金輪動下轉強，為 AI 電力基建的波段攻擊標的。",短線波段
2026-06-29,台股,台燿,6274.TWO,1480,1680,1950,1380,"高速 PCB 用銅箔基板（CCL）大廠，AI 伺服器與交換器高層數板帶動高階 CCL 漲價與滿載。6/26 回檔約 7% 至 1580 元提供切入點，為 AI 高速材料漲價題材的攻擊型波段標的。",短線波段
2026-06-29,美股,Micron,MU,1180,1320,1500,1100,"記憶體大廠，6/24 財報 EPS 達 25.11 美元大超預期、Q4 營收上看 500 億美元，HBM 與 AI 記憶體需求爆發。約 1255 美元、技術面創高動能強勁，為記憶體上升循環的波段攻擊標的（須嚴設停損）。",短線波段
2026-06-29,美股,GE Aerospace,GE,350,385,430,330,"全球航太引擎龍頭，服務在手訂單達 1700 億美元、引擎交機年增 43%，民航復甦動能強勁。約 369 美元、貼近歷史高點且技術面強勢，為航太題材的波段標的。",短線波段
2026-06-29,美股,Newmont,NEM,98,112,128,92,"全球最大黃金礦商，金價於市場避險與降息預期下走強，成本控制與銅礦布局挹注成長。約 105.8 美元、自高點回檔提供布局點，為避險與金屬題材的波段攻擊標的。",短線波段
2026-06-30,台股,中信金,2891.TW,68,76,84,64,"國內大型金控龍頭，銀行、壽險與信用卡業務並進，獲利穩定、配息積極，海外布局領先；約73元殖利率具吸引力，震盪期具防禦性。",穩健均衡
2026-06-30,台股,台灣大,3045.TW,112,124,135,106,"電信三雄之一，5G、企業數位與momo電商綜效顯著，現金流穩健、配息可期；不受AI股殺盤波及，具防禦與穩定收益特性。",穩健均衡
2026-06-30,台股,佳格,1227.TW,27.5,31,35,26,"食品內需龍頭，桂格等品牌市占穩固，原物料成本回落有利毛利改善；內需剛性、股價位階低，為震盪盤防禦布局標的。",穩健均衡
2026-06-30,美股,Microsoft,MSFT,350,385,430,330,"軟體與雲端巨擘，Azure AI、Copilot與企業訂閱帶動穩定成長，獲利現金流質地頂尖；隨科技股回檔評價修復，攻守兼備。",穩健均衡
2026-06-30,美股,JPMorgan,JPM,312,340,375,298,"美國最大銀行，投行、財管與消金業務均衡，資產品質穩健、資本充足、回購積極；獲利能見度高，為金融核心持股。",穩健均衡
2026-06-30,美股,Abbott,ABT,90,98,110,85,"全球醫療器材與診斷大廠，連續血糖監測Libre持續放量，營收多元、現金流穩定；醫療剛性需求具景氣韌性，防禦核心。",穩健均衡
2026-06-30,台股,環球晶,6488.TWO,880,1000,1180,820,"全球第三大矽晶圓廠，受惠第三代半導體與12吋矽晶圓6月起漲價題材，法人EPS上修；大跌後反彈至約950元提供切入點。",短線波段
2026-06-30,台股,技嘉,2376.TW,315,380,440,295,"AI伺服器與板卡大廠，輝達GPU伺服器出貨放量、訂單能見度延伸至明年；6/29收紅、MACD轉強並站上均線，動能可期。",短線波段
2026-06-30,台股,智邦,2345.TW,2200,2450,2850,2050,"網通交換器龍頭，800G高速交換器隨AI資料中心放量，外資調升目標價至3222元；6/29收約2340元創高動能強。",短線波段
2026-06-30,美股,Broadcom,AVGO,350,390,450,325,"AI客製晶片ASIC與網通晶片龍頭，雲端大廠自研晶片與AI連接需求帶動高速成長；6/29隨半導體反彈漲近4%技術轉強。",短線波段
2026-06-30,美股,Palantir,PLTR,105,122,145,96,"AI軟體平台領導者，政府與商用AIP訂單快速成長、營收連續加速；隨科技股反彈自回檔區轉強，高彈性波段標的。",短線波段
2026-06-30,美股,Oracle,ORCL,138,158,185,125,"雲端基礎設施OCI與資料庫巨頭，AI算力租賃帶動RPO在手訂單暴增；自高點回檔近三成後評價修復、技術落底轉強。",短線波段
2026-07-01,台股,鴻海,2317.TW,232,258,290,218,"全球電子代工與AI伺服器組裝龍頭，GB系列機櫃與雲端訂單能見度高，車用與電動車布局逐步發酵；約246.5元評價合理，為兼具成長與穩健的核心持股。",穩健均衡
2026-07-01,台股,富邦金,2881.TW,128,142,158,120,"國內市值最大金控，富邦人壽與台北富邦銀行雙引擎並進，獲利規模與配息居前段班；約138元於震盪盤具防禦性，為攻守兼備的金融核心配置。",穩健均衡
2026-07-01,台股,卜蜂,1215.TW,106,118,130,99,"國內白肉雞與飼料食品龍頭，內需消費剛性、品牌通路穩固，殖利率約5%具吸引力；約114元股價位階合理，為震盪盤的防禦型布局標的。",穩健均衡
2026-07-01,美股,Alphabet,GOOGL,330,365,410,308,"搜尋、雲端與Gemini AI三引擎並進，6/29正式納入道瓊指數帶來指數型資金，獲利與現金流質地頂尖；約353美元評價仍合理，為核心成長持股。",穩健均衡
2026-07-01,美股,Visa,V,322,352,390,305,"全球支付網路雙雄之一，交易量隨消費與跨境旅遊穩定成長，毛利率與現金流極佳、回購積極；約342美元具防禦與複利特性，為金融核心持股。",穩健均衡
2026-07-01,美股,Walmart,WMT,108,119,132,102,"美國零售龍頭，電商、會員與廣告業務帶動獲利結構升級，於通膨與景氣下行具防禦性；約114.5美元營運穩健，為必需消費核心持股。",穩健均衡
2026-07-01,台股,南亞科,2408.TW,395,445,520,360,"DRAM報價自2026年強漲、AI與資料中心搶料供不應求，法人大幅上修EPS與目標價；6/30股價放量大漲8.5%至約429元、多頭結構延續，為記憶體漲價題材主流波段標的。",短線波段
2026-07-01,台股,雙鴻,3324.TWO,940,1060,1250,880,"AI資料中心液冷散熱核心供應商，Q1每股賺12.61元創高、連三季賺逾一個股本，下半年ASIC新案陸續放量；約1010元技術面維持多頭，為AI水冷題材的攻擊型波段標的。",短線波段
2026-07-01,台股,台光電,2383.TW,4950,5500,6300,4600,"高階銅箔基板CCL龍頭，AI伺服器與交換器M8等級材料需求強勁、市占領先，獲利動能延續；約5300元沿多頭排列強攻，為AI PCB材料題材的高彈性波段標的。",短線波段
2026-07-01,美股,Arista,ANET,155,172,195,145,"AI資料中心高速乙太網交換器龍頭，800G產品隨雲端建置放量，KeyBanc調升目標價至200美元並維持買進；約165美元技術轉強突破前高，為AI網通題材波段標的。",短線波段
2026-07-01,美股,Nvidia,NVDA,182,200,230,170,"AI晶片絕對龍頭，Blackwell平台需求強勁、雲端資本支出續創高，6/30隨科技股創新高收約195美元；多頭排列動能強，為AI半導體題材的核心攻擊標的。",短線波段
2026-07-01,美股,Vertiv,VRT,285,320,365,262,"AI資料中心電力與液冷基礎設施龍頭，今年來大漲逾7成、訂單與在手backlog強勁，受惠資料中心電力需求結構性成長；約307美元技術維持多頭，為AI基建題材波段標的。",短線波段
2026-07-02,台股,廣達,2382.TW,352,388,430,330,"全球 AI 伺服器代工龍頭,GB 機櫃與雲端訂單能見度高,7/1 收約 372 元、本益比僅約 18 倍,評價相對合理,為兼具成長與穩健的核心持股。",穩健均衡
2026-07-02,台股,國泰金,2882.TW,90,99,112,84,"國內市值最大金控,壽險與銀行雙引擎並進,獲利與配息居前段班,7/1 大漲逾 3% 收約 95 元、位階仍具防禦性,適合中長線領息布局。",穩健均衡
2026-07-02,台股,統一超,2912.TW,214,234,258,200,"國內超商零售龍頭 7-ELEVEN,內需消費剛性、通路護城河深厚,轉投資與海外門市穩定成長,約 225 元位階合理,為震盪盤的防禦型配置。",穩健均衡
2026-07-02,美股,Apple,AAPL,275,298,330,258,"消費電子與服務生態系龍頭,iPhone 換機與服務營收穩定成長,AI 功能逐步落地,現金流與回購強勁,約 289 美元評價合理,為核心穩健持股。",穩健均衡
2026-07-02,美股,Mastercard,MA,488,528,585,460,"全球支付網路雙雄之一,交易量隨消費與跨境旅遊穩健成長,毛利率與現金流極佳、回購積極,約 514 美元具防禦與複利特性。",穩健均衡
2026-07-02,美股,Home Depot,HD,338,368,400,318,"美國家居修繕零售龍頭,受惠房市修繕與 Pro 專業客群需求,股利連年成長、營運穩健,約 356 美元位階合理,為必需消費核心持股。",穩健均衡
2026-07-02,台股,緯創,3231.TW,150,168,195,140,"AI 伺服器代工與組裝要角,GB 系列機櫃與雲端訂單放量,7/1 收約 160.5 元、站上均線多頭排列,技術面轉強為 AI 硬體題材波段標的。",短線波段
2026-07-02,台股,創意,3443.TW,4600,5100,5900,4250,"矽智財與 ASIC 設計龍頭,受惠雲端大廠自研晶片委外設計潮,6/30 放量大漲 9.5% 至約 4840 元、突破前高,法人上修目標價,為 ASIC 題材主流波段標的。",短線波段
2026-07-02,台股,藥華藥,6446.TW,1280,1420,1620,1180,"新藥自產自銷生技指標,Ropeg 血液腫瘤新藥歐美銷售放量、營收連續成長,7/1 收約 1360 元、技術面維持多頭,為生技題材強勢波段標的。",短線波段
2026-07-02,美股,AMD,AMD,545,600,680,505,"AI 加速器與資料中心 CPU 動能強勁,大摩看好新世代 Venice CPU 出貨超越對手,7/1 大漲逾 7% 創歷史新高約 578 美元,為 AI 半導體題材攻擊標的。",短線波段
2026-07-02,美股,Tesla,TSLA,400,445,510,372,"電動車與自駕 AI 龍頭,7/2 將公布 Q2 交車數據市場高度關注,近日連四日走高、股價重返 430 美元上方,題材與技術動能轉強,為波段攻擊標的。",短線波段
2026-07-02,美股,Dell,DELL,408,450,510,378,"AI 伺服器與企業硬體出貨強勁,ISG 資料中心業務在手訂單創高,約 431 美元技術維持多頭結構,為 AI 硬體供應鏈的波段標的。",短線波段
2026-07-03,台股,台塑,1301.TW,50,58,63,47,"塑化龍頭，營運處景氣循環低檔、評價貼近歷史低點，殖利率具吸引力。約54.3元，塑化傳產於資金輪動下轉強、具價值回歸空間，為低基期防禦型布局標的。",穩健均衡
2026-07-03,台股,遠傳,4904.TW,96,108,118,91,"國內電信三雄之一，5G、企業專網與雲端資料中心業務穩定成長，現金流充沛、股利政策穩健。約103元、殖利率具吸引力，於大盤震盪期具防禦特性，為攻守兼備的核心持股。",穩健均衡
2026-07-03,台股,玉山金,2884.TW,30,35,38.5,28.5,"體質優良金控，銀行本業獲利穩健、資產品質佳、配股配息長期穩定。約33.1元，資金自AI股輪動至中低價金融內需股，具防禦與填息題材，為攻守兼備的核心持股。",穩健均衡
2026-07-03,美股,Johnson & Johnson,JNJ,244,265,292,234,"全球醫療巨頭，製藥與醫材雙引擎、產品線分散、現金流充沛，為抗景氣防禦股。約258美元、股利連逾60年調升（股息王），資金轉進醫療防禦時具吸引力，為投組壓艙石。",穩健均衡
2026-07-03,美股,Procter & Gamble,PG,138,152,166,131,"全球日用消費品龍頭，旗下品牌護城河深厚、訂價能力強、現金流穩定。約147美元、股利連逾60年調升，具抗通膨與抗景氣特性，為資金轉進防禦類股時的必需消費核心持股。",穩健均衡
2026-07-03,美股,Bank of America,BAC,53,61,67,50,"美國大型銀行，存款基礎雄厚、消金與財富管理穩健，資本適足、股利與回購積極。約58.4美元，道瓊創高由金融股領軍，降息預期下放款與資本市場活動回溫，為金融核心持股。",穩健均衡
2026-07-03,台股,國巨,2327.TW,1000,1120,1280,950,"被動元件龍頭，AI伺服器與高階車用需求推升MLCC漲價與滿載。近日自平盤V拉直奔漲停、鎖1140元，量價轉強、題材發酵，回檔至1065元提供切入點，為被動元件漲價題材的攻擊型波段標的。",短線波段
2026-07-03,台股,陽明,2609.TW,47,55,62,44,"貨櫃航運三雄之一，紅海繞道與旺季運價支撐獲利，殖利率具吸引力。約51.4元，傳產航運於資金自AI撤出時輪動轉強、法人買盤進駐，為題材與價值兼具的波段標的。",短線波段
2026-07-03,台股,友達,2409.TW,28,33,36,27,"面板雙虎之一，轉型車用、醫療與工控等高附加價值應用，低基期具評價回升空間。近日獲外資單日大量買超逾17萬張、量能明顯放大，為法人買超帶動的低價輪動波段標的。",短線波段
2026-07-03,美股,Agnico Eagle,AEM,144,160,180,136,"全球頂尖黃金礦商，礦區集中於政治穩定地區、成本控制佳、現金流強。約154.8美元，非農轉弱、降息預期升溫推升金價，為避險與降息題材的波段攻擊標的。",短線波段
2026-07-03,美股,D.R. Horton,DHI,133,152,170,126,"美國最大住宅建商，規模與成本優勢明確、庫存去化順暢。約143.6美元，6月非農轉弱、降息預期升溫，房貸利率下行直接利多購屋需求，為利率敏感的降息受惠波段標的。",短線波段
2026-07-03,美股,Goldman Sachs,GS,960,1050,1170,910,"全球頂尖投資銀行，併購諮詢、承銷與交易業務動能強，降息預期下資本市場活動回溫。約1022美元，道瓊創新高由金融股領軍、技術面強勢，為金融題材轉強的波段標的。",短線波段
2026-07-04,台股,兆豐金,2886.TW,43,47,52,41,"公股金控龍頭，海外分行與外匯、企金獲利穩定，資本充實、股利政策穩健。約44.8元，資金自AI晶片股輪動至中低價金融內需股、法人回補，殖利率具吸引力，為攻守兼備的核心底倉。",穩健均衡
2026-07-04,台股,台泥,1101.TW,23,26,29,22,"水泥龍頭轉型儲能與低碳建材，股價淨值比僅約0.7倍、貼近歷史低檔，殖利率佳。約24.5元，傳產價值股於資金輪動下具評價回歸空間，為低基期防禦型布局標的。",穩健均衡
2026-07-04,台股,中鋼,2002.TW,18,20,22,17,"國內鋼鐵龍頭，內需與基建需求穩定，股價位處長線低檔、股本大流動性佳，官股護盤性質具防禦。約18.65元，鋼價落底回穩、傳產輪動轉強，為低基期抗震的存股型標的。",穩健均衡
2026-07-04,美股,Coca-Cola,KO,79,84,93,75,"全球飲料龍頭，品牌護城河深、訂價能力強，無糖與機能飲料貢獻成長，股利連逾60年調升。約81.7美元，資金轉進必需消費防禦股，具抗景氣與抗通膨特性，為投組壓艙石。",穩健均衡
2026-07-04,美股,UnitedHealth,UNH,410,435,490,390,"全美最大健康保險與醫療服務集團，事業多元、現金流龐大，營運自谷底回穩、獲多家調升評等。約424美元、仍低於前波高點，估值修復空間大，為醫療防禦攻守兼備的核心持股。",穩健均衡
2026-07-04,美股,Chevron,CVX,162,173,192,154,"國際綜合能源巨頭，上下游一體、資產負債表穩健、自由現金流強，股利連逾35年調升。約169美元，油價落底回穩、地緣風險支撐，為兼具高殖利率與抗通膨的能源核心持股。",穩健均衡
2026-07-04,台股,萬海,2615.TW,74,80,90,70,"貨櫃航運三雄之一，聚焦近洋線、船隊調度靈活，紅海繞道與旺季運價支撐獲利。約77.4元，航運族群於資金自AI撤出時輪動轉強、量能放大，為題材與價值兼具的波段標的。",短線波段
2026-07-04,台股,興富發,2542.TW,41,45,51,39,"國內大型建商，推案量體大、預售與完工入帳動能足，土地資產雄厚。約43.1元，降息預期升溫、房市買氣回溫，營建股輪動轉強、殖利率誘人，為利率敏感的降息受惠波段標的。",短線波段
2026-07-04,台股,大同,2371.TW,26,29,33,24.5,"老牌電機重電廠，受惠電網強韌化與綠能、資料中心供電需求，馬達、電線電纜與電表訂單暢旺，土地資產題材豐富。約27.45元，重電族群題材發酵、量價轉強，為電力基建輪動的波段標的。",短線波段
2026-07-04,美股,Barrick Mining,B,36,40,46,34,"全球頂尖黃金與銅礦商，礦區分散、成本控制佳、現金流強，並更名聚焦銅金雙引擎。約38.2美元，6月非農轉弱、降息預期升溫推升金價，為避險與降息題材的黃金波段攻擊標的。",短線波段
2026-07-04,美股,Lennar,LEN,84,92,102,79,"美國第二大住宅建商，規模與成本優勢明確、庫存去化順暢、獲利率穩健。約88.2美元，6月非農轉弱、降息預期升溫，房貸利率下行直接利多購屋需求，為利率敏感的降息受惠波段標的。",短線波段
2026-07-04,美股,Morgan Stanley,MS,202,216,240,190,"全球頂尖投資銀行與財富管理龍頭，交易、承銷與資產管理動能強、費用收入穩定。約211.9美元，道瓊創高由金融股領軍、降息預期下資本市場活動回溫，為金融題材轉強的波段標的。",短線波段
2026-07-05,台股,台達電,2308.TW,1980,2120,2380,1880,"全球電源管理與散熱龍頭，直接受惠 AI 伺服器高功率供電與液冷需求，訂單能見度長、獲利結構持續升級。7/3 收約 2075 元、單日大漲逾 5%，法人回補、基本面扎實，適合逢回布局作為投組核心。",穩健均衡
2026-07-05,台股,元大金,2885.TW,64,69,77,61,"證券龍頭金控，券商經紀與投資收益雙引擎，市場活絡下手續費收入穩健成長，資本充實、股利穩定。約 67.2 元，資金自 AI 晶片股輪動至金融內需，殖利率具吸引力，攻守兼備。",穩健均衡
2026-07-05,台股,聯華,1229.TW,42,46,50,40,"食品與工業氣體集團，轉投資聯華氣體、神通與聯成穩定貢獻獲利，資產價值扎實、股利政策穩健。約 43.75 元位處中低檔，內需防禦特性明確，適合中長線分批布局。",穩健均衡
2026-07-05,美股,Verizon,VZ,41,44,48,39.5,"美國電信龍頭，用戶基礎龐大、現金流穩定，股利殖利率逾 6% 為市場前段班，具高度防禦性。約 42.56 美元評價偏低，降息環境利多高股息電信股，為抗震壓艙標的。",穩健均衡
2026-07-05,美股,Wells Fargo,WFC,82,88,97,78,"美國四大銀行之一，資產上限解除後放款與獲利動能回升，成本控管佳、買回庫藏股積極。約 85.94 美元、本益比僅約 13 倍，資金輪動至金融股、評價仍具吸引力。",穩健均衡
2026-07-05,美股,Bristol-Myers Squibb,BMY,54,58,64,51,"大型製藥廠，Eliquis、Opdivo 與新成長藥品組合穩定，殖利率佳、現金流強。約 56.44 美元評價偏低，醫療防禦族群於資金轉進防禦股時具支撐，適合價值型布局。",穩健均衡
2026-07-05,台股,華邦電,2344.TW,175,192,220,162,"利基型記憶體大廠，受惠 2026 記憶體強勁漲價循環與 AI 產能排擠效應，DRAM／Flash 報價續揚、營運動能強。約 184.5 元量價齊揚、法人買超，記憶體題材為當前盤面主流，具波段續攻力道。",短線波段
2026-07-05,台股,中興電,1513.TW,168,182,205,158,"國內重電龍頭，受惠電網強韌化、綠能併網與資料中心供電擴建，GIS 與統包工程在手訂單創高。約 176.5 元，重電族群為電力基建長多主流題材、技術面沿均線走多，為波段續強標的。",短線波段
2026-07-05,台股,金像電,2368.TW,1230,1340,1520,1150,"全球伺服器用 PCB 龍頭，AI 伺服器與高階交換器板需求爆發，5 月營收年增 87% 創高。7/3 約 1305 元、單日大漲逾 5% 站穩千金，量價突破、法人加碼，為 AI 供應鏈強勢波段標的。",短線波段
2026-07-05,美股,Citigroup,C,133,144,160,126,"全球布局投資銀行，交易與投行業務隨市場活絡回溫，重整綜效顯現、資本回饋加碼。約 139.97 美元，7/2 金融類股領漲逾 2%，資金明顯輪動至銀行股，技術面轉強具波段動能。",短線波段
2026-07-05,美股,Kinross Gold,KGC,22,24.5,28,20.5,"全球主要黃金生產商，礦區分散、成本控制佳、自由現金流強。約 23.5 美元，6 月非農轉弱、降息預期升溫推升金價，避險與降息雙題材加持，為黃金族群強勢波段攻擊標的。",短線波段
2026-07-05,美股,PulteGroup,PHM,128,142,156,121,"美國第三大住宅建商，庫存去化順暢、獲利率穩健、財務結構佳。約 135 美元，6 月非農轉弱、降息預期升溫，房貸利率下行直接利多購屋需求，為利率敏感的降息受惠波段標的。",短線波段
2026-07-06,台股,第一金,2892.TW,30,34,38,28.5,"公股金控龍頭，銀行本業放款與企金、海外獲利穩定，資產品質佳、股利政策長期穩健。約32.4元，資金自AI晶片股輪動至中低價金融內需股，殖利率具吸引力，為攻守兼備的核心底倉。",穩健均衡
2026-07-06,台股,大成,1210.TW,54,60.5,66,51,"國內飼料與食品加工龍頭，肉品、雞蛋與冷凍食品內需穩定，垂直整合、獲利防禦性佳。約58元、本益比約14倍且連四日走高，內需食品於資金轉進防禦股時具支撐，適合中長線分批布局。",穩健均衡
2026-07-06,台股,台化,1326.TW,63,73,82,59,"台塑集團化纖與塑化龍頭，股價淨值比貼近歷史低檔、殖利率佳，具價值回歸空間。約68元，首度參展COMPUTEX、揭示切入化工與半導體材料轉型方向，傳產價值股於資金輪動下再評價，兼具防禦與題材。",穩健均衡
2026-07-06,美股,ExxonMobil,XOM,130,143,158,122,"國際綜合能源巨頭，上下游一體、圭亞那與二疊紀盆地產量成長、自由現金流強，股利連逾40年調升。約137美元、較高點回檔逾8%，能源類股於大輪動中改寫新高、評價具吸引力，為兼具高殖利率與抗通膨的能源核心持股。",穩健均衡
2026-07-06,美股,PepsiCo,PEP,135,148,165,128,"全球飲料與零食龍頭，品牌護城河深厚、訂價能力強、現金流穩定，股利連逾50年調升。約144美元、貼近52週低檔，資金轉進必需消費防禦股，估值修復空間大，為投組壓艙石。",穩健均衡
2026-07-06,美股,Merck,MRK,123,132,148,117,"全球製藥巨頭，Keytruda免疫腫瘤龍頭地位穩固、新藥線豐富，現金流充沛、殖利率佳。約130美元、技術面沿均線走多，醫療防禦族群於資金轉進防禦股時具支撐，為攻守兼備的醫療核心持股。",穩健均衡
2026-07-06,台股,欣興,3037.TW,930,1010,1180,880,"ABF載板三雄之一，AI GPU／ASIC／CPU需求推升高階載板供不應求、報價續揚。5月營收140.6億元創新高、前5月年增26.8%，花旗看好供給吃緊延續至2027並喊價1500元，為AI供應鏈題材強勢波段標的。",短線波段
2026-07-06,台股,長榮,2603.TW,178,205,232,168,"貨櫃航運龍頭，紅海繞道與旺季運價支撐獲利，本益比約8.5倍、殖利率誘人。7/3大漲5.12%收195元、量能放大，航運族群於資金自AI撤出時輪動轉強、法人買盤進駐，為題材與價值兼具的波段標的。",短線波段
2026-07-06,台股,華城,1519.TW,730,810,920,690,"重電三雄之一，受惠AI資料中心供電、美國電網升級與綠能併網超級循環，Q1獲利10億元、年增2成創同期高。約780元，重電為電力基建長多主流題材、在手訂單暢旺，為波段續強標的。",短線波段
2026-07-06,美股,Charles Schwab,SCHW,91,100,112,86,"美國最大折扣券商暨財富管理平台，市場活絡下經紀、利息與資產管理收入同步回溫，客戶資產規模創高。約97美元，資金明顯輪動至金融股、分析師平均目標價116美元，技術面轉強具波段動能。",短線波段
2026-07-06,美股,Wheaton Precious Metals,WPM,107,119,135,100,"全球最大貴金屬串流公司，商業模式輕資產、成本固定、毛利率高，直接受惠金價走升。約116美元、較高點回檔具切入空間，避險需求與潛在降息推升金價，UBS予買進、目標150美元，為黃金族群波段攻擊標的。",短線波段
2026-07-06,美股,RTX Corporation,RTX,188,206,228,178,"全球國防航太巨頭（雷神、普惠、Collins），在手訂單達2710億美元、飛彈交付年增逾40%，近一年漲近38%大幅超越大盤。約199美元，全球國防預算擴張與地緣風險支撐，技術面強勢、獲多家券商強力買進評等，為國防題材波段標的。",短線波段
